Subject,Educ,Income2005,SortOrd
5488,<12,350,1
597,<12,500,1
1090,<12,1300,1
228,<12,1600,1
4235,<12,2000,1
2971,<12,2100,1
1153,<12,2300,1
4047,<12,2400,1
4681,<12,3000,1
1797,<12,3040,1
1548,<12,4000,1
2224,<12,5000,1
2655,<12,5300,1
2698,<12,6000,1
3319,<12,6000,1
5469,<12,7200,1
1820,<12,8000,1
3436,<12,8000,1
11787,<12,8000,1
675,<12,8400,1
239,<12,9000,1
11814,<12,9000,1
5446,<12,9600,1
701,<12,9800,1
2747,<12,9984,1
1436,<12,10000,1
2134,<12,10000,1
2867,<12,10000,1
11751,<12,10000,1
1068,<12,12000,1
4733,<12,12000,1
11818,<12,13000,1
2666,<12,13700,1
86,<12,14000,1
156,<12,14000,1
2705,<12,14000,1
3438,<12,14000,1
3572,<12,14000,1
2348,<12,14560,1
188,<12,15000,1
4181,<12,15000,1
3607,<12,16000,1
2675,<12,17000,1
631,<12,18000,1
2403,<12,18000,1
2485,<12,18000,1
4503,<12,18000,1
5519,<12,18000,1
2462,<12,18420,1
2661,<12,18674,1
290,<12,19000,1
1413,<12,19000,1
1824,<12,19000,1
4417,<12,19000,1
3343,<12,19968,1
253,<12,20000,1
714,<12,20000,1
2051,<12,20000,1
2653,<12,20000,1
4731,<12,20017,1
3321,<12,21000,1
2466,<12,22000,1
4068,<12,22000,1
4923,<12,22000,1
4937,<12,22000,1
12135,<12,22000,1
324,<12,23000,1
1034,<12,23000,1
1091,<12,24000,1
299,<12,25000,1
585,<12,25000,1
862,<12,25000,1
1455,<12,25000,1
1725,<12,25000,1
3311,<12,25000,1
4476,<12,25000,1
11776,<12,25000,1
2587,<12,25500,1
5132,<12,26000,1
2676,<12,27000,1
5447,<12,27300,1
3030,<12,28500,1
5128,<12,29000,1
2194,<12,30000,1
2254,<12,30000,1
2683,<12,30000,1
3693,<12,30000,1
5269,<12,30000,1
12122,<12,30000,1
4474,<12,30700,1
1148,<12,31000,1
1434,<12,31980,1
2398,<12,32000,1
4901,<12,32000,1
11850,<12,32000,1
285,<12,35000,1
1089,<12,35000,1
1260,<12,35000,1
2716,<12,35000,1
2031,<12,36000,1
5603,<12,36000,1
313,<12,37000,1
1318,<12,37000,1
3540,<12,37000,1
3554,<12,38000,1
3657,<12,38000,1
4098,<12,38800,1
5604,<12,40000,1
2318,<12,43000,1
4946,<12,43000,1
5713,<12,44328,1
2255,<12,45000,1
356,<12,50000,1
1471,<12,50000,1
2728,<12,50000,1
11890,<12,50400,1
5363,<12,52000,1
1134,<12,53000,1
2419,<12,55000,1
3570,<12,56000,1
12065,<12,56000,1
722,<12,57500,1
3050,<12,60000,1
4960,<12,60000,1
11755,<12,60000,1
3440,<12,61000,1
4335,<12,67000,1
4156,<12,68000,1
547,<12,69000,1
5461,<12,71776,1
1779,<12,74000,1
3230,<12,80000,1
1547,<12,85000,1
2953,<12,85000,1
3742,<12,98000,1
11762,<12,100000,1
3325,12,300,2
11801,12,350,2
3522,12,500,2
3977,12,600,2
12043,12,628,2
1862,12,900,2
5484,12,900,2
5159,12,1200,2
5524,12,1300,2
3549,12,1500,2
3821,12,1500,2
4543,12,1800,2
2659,12,2000,2
2911,12,2000,2
11830,12,2000,2
11950,12,2000,2
3094,12,2200,2
11884,12,2200,2
703,12,3000,2
769,12,3000,2
843,12,3000,2
971,12,3000,2
3236,12,3000,2
5522,12,3000,2
12042,12,3000,2
12057,12,3000,2
3544,12,3200,2
5353,12,3200,2
4105,12,3408,2
5180,12,3563,2
2158,12,3600,2
3527,12,3800,2
2679,12,3890,2
2651,12,3983,2
632,12,4000,2
2072,12,4000,2
11760,12,4000,2
12082,12,4000,2
3591,12,4471,2
2459,12,4560,2
4774,12,4800,2
244,12,5000,2
681,12,5000,2
1130,12,5000,2
2529,12,5000,2
2669,12,5000,2
2990,12,5000,2
3562,12,5000,2
3697,12,5000,2
3822,12,5000,2
4678,12,5000,2
2196,12,5280,2
2,12,5500,2
4112,12,5700,2
2528,12,6000,2
3134,12,6000,2
4141,12,6000,2
4911,12,6000,2
12076,12,6000,2
1147,12,6500,2
4557,12,6580,2
1591,12,7000,2
2729,12,7000,2
44,12,7200,2
5317,12,7200,2
2251,12,7225,2
4906,12,7300,2
1080,12,7500,2
2420,12,7500,2
1247,12,8000,2
1768,12,8000,2
1878,12,8000,2
2003,12,8000,2
2658,12,8000,2
2699,12,8000,2
2810,12,8000,2
3417,12,8000,2
4983,12,8000,2
5385,12,8000,2
11811,12,8000,2
4724,12,8400,2
5236,12,8400,2
2383,12,8500,2
5450,12,8500,2
4864,12,8575,2
4762,12,8600,2
373,12,9000,2
2978,12,9000,2
3242,12,9000,2
4065,12,9000,2
4459,12,9000,2
5252,12,9000,2
5718,12,9000,2
2013,12,9200,2
3741,12,9300,2
4619,12,9500,2
354,12,9600,2
4113,12,9600,2
5085,12,9600,2
1998,12,9724,2
935,12,9800,2
145,12,10000,2
377,12,10000,2
1592,12,10000,2
3456,12,10000,2
3929,12,10000,2
5311,12,10000,2
5514,12,10000,2
11891,12,10000,2
5544,12,10056,2
3020,12,10800,2
2460,12,10875,2
5705,12,10900,2
713,12,11000,2
1887,12,11000,2
2672,12,11000,2
4085,12,11000,2
5550,12,11000,2
1608,12,11040,2
401,12,11500,2
5262,12,11500,2
5268,12,11548,2
4274,12,11550,2
12133,12,11560,2
57,12,12000,2
294,12,12000,2
465,12,12000,2
485,12,12000,2
762,12,12000,2
1060,12,12000,2
1416,12,12000,2
2002,12,12000,2
2153,12,12000,2
2165,12,12000,2
2682,12,12000,2
4339,12,12000,2
4544,12,12000,2
4734,12,12000,2
4747,12,12000,2
4804,12,12000,2
5231,12,12000,2
5376,12,12000,2
5684,12,12000,2
646,12,12500,2
1884,12,12500,2
4173,12,12500,2
12139,12,12600,2
1071,12,12649,2
1048,12,13000,2
1351,12,13000,2
2264,12,13000,2
2271,12,13000,2
3397,12,13000,2
3491,12,13000,2
4790,12,13000,2
5421,12,13000,2
2537,12,13100,2
4326,12,13200,2
11879,12,13691,2
2396,12,13986,2
259,12,14000,2
449,12,14000,2
1869,12,14000,2
2146,12,14000,2
3852,12,14000,2
4345,12,14000,2
4680,12,14000,2
5041,12,14000,2
5555,12,14000,2
11940,12,14000,2
2450,12,14750,2
548,12,15000,2
789,12,15000,2
1092,12,15000,2
1495,12,15000,2
1637,12,15000,2
2266,12,15000,2
2270,12,15000,2
2412,12,15000,2
2650,12,15000,2
2912,12,15000,2
3054,12,15000,2
3611,12,15000,2
3819,12,15000,2
4071,12,15000,2
4077,12,15000,2
4220,12,15000,2
4710,12,15000,2
5139,12,15000,2
5538,12,15000,2
11880,12,15000,2
11939,12,15000,2
5575,12,15785,2
411,12,16000,2
814,12,16000,2
1043,12,16000,2
1499,12,16000,2
1590,12,16000,2
1926,12,16000,2
1947,12,16000,2
2564,12,16000,2
3511,12,16000,2
3584,12,16000,2
3723,12,16000,2
3739,12,16000,2
3851,12,16000,2
4263,12,16000,2
4561,12,16000,2
5294,12,16000,2
5502,12,16000,2
5545,12,16000,2
11909,12,16000,2
1221,12,16200,2
2709,12,16257,2
3746,12,16390,2
87,12,17000,2
197,12,17000,2
1029,12,17000,2
1250,12,17000,2
1593,12,17000,2
1838,12,17000,2
2080,12,17000,2
2615,12,17000,2
3051,12,17000,2
3467,12,17000,2
4638,12,17000,2
1532,12,17407,2
375,12,17500,2
1312,12,18000,2
1610,12,18000,2
1839,12,18000,2
1890,12,18000,2
2781,12,18000,2
3057,12,18000,2
3095,12,18000,2
3508,12,18000,2
3543,12,18000,2
3738,12,18000,2
4046,12,18000,2
4312,12,18000,2
4461,12,18000,2
4641,12,18000,2
4948,12,18000,2
5521,12,18560,2
7,12,19000,2
1551,12,19000,2
1560,12,19000,2
2556,12,19000,2
2830,12,19000,2
5537,12,19000,2
11792,12,19000,2
1607,12,19200,2
3444,12,19200,2
2775,12,19500,2
4386,12,19900,2
491,12,20000,2
535,12,20000,2
679,12,20000,2
758,12,20000,2
832,12,20000,2
849,12,20000,2
1353,12,20000,2
1617,12,20000,2
1627,12,20000,2
1863,12,20000,2
2250,12,20000,2
2434,12,20000,2
2471,12,20000,2
2654,12,20000,2
3452,12,20000,2
3740,12,20000,2
4064,12,20000,2
4089,12,20000,2
4142,12,20000,2
4333,12,20000,2
4849,12,20000,2
5272,12,20000,2
5508,12,20000,2
5510,12,20000,2
5617,12,20000,2
5671,12,20000,2
1065,12,20160,2
2478,12,20376,2
3699,12,20477,2
5486,12,20500,2
1063,12,20518,2
2772,12,21000,2
3640,12,21000,2
4583,12,21000,2
4818,12,21000,2
12126,12,21000,2
5131,12,21213,2
4732,12,21424,2
1927,12,21455,2
433,12,21528,2
1253,12,21600,2
148,12,21800,2
5338,12,21939,2
257,12,22000,2
437,12,22000,2
550,12,22000,2
662,12,22000,2
854,12,22000,2
1419,12,22000,2
1507,12,22000,2
1873,12,22000,2
2073,12,22000,2
2380,12,22000,2
2578,12,22000,2
2864,12,22000,2
3127,12,22000,2
3825,12,22000,2
3938,12,22000,2
4338,12,22000,2
4777,12,22000,2
5238,12,22000,2
5581,12,22000,2
11878,12,22000,2
12039,12,22000,2
12083,12,22000,2
3790,12,22049,2
5505,12,22050,2
2203,12,22500,2
5516,12,22500,2
2592,12,22800,2
503,12,23000,2
763,12,23000,2
1257,12,23000,2
3267,12,23000,2
4196,12,23000,2
5179,12,23000,2
12131,12,23000,2
4222,12,23031,2
2451,12,23100,2
1516,12,23300,2
815,12,23400,2
3660,12,23400,2
2670,12,23500,2
952,12,23600,2
1056,12,24000,2
1237,12,24000,2
1599,12,24000,2
1729,12,24000,2
2046,12,24000,2
2102,12,24000,2
2157,12,24000,2
2665,12,24000,2
2707,12,24000,2
2995,12,24000,2
3273,12,24000,2
3514,12,24000,2
3845,12,24000,2
4025,12,24000,2
4621,12,24000,2
4646,12,24000,2
4772,12,24000,2
5573,12,24000,2
11858,12,24000,2
11864,12,24000,2
11935,12,24000,2
12032,12,24000,2
12130,12,24000,2
2400,12,24024,2
11887,12,24200,2
5060,12,24314,2
4028,12,24500,2
616,12,25000,2
723,12,25000,2
1044,12,25000,2
1156,12,25000,2
1490,12,25000,2
1866,12,25000,2
1962,12,25000,2
1965,12,25000,2
1985,12,25000,2
2035,12,25000,2
2208,12,25000,2
2313,12,25000,2
2479,12,25000,2
2540,12,25000,2
2610,12,25000,2
2708,12,25000,2
2748,12,25000,2
2811,12,25000,2
3065,12,25000,2
3082,12,25000,2
3550,12,25000,2
4048,12,25000,2
4145,12,25000,2
4184,12,25000,2
4505,12,25000,2
4594,12,25000,2
4637,12,25000,2
4780,12,25000,2
4934,12,25000,2
5208,12,25000,2
5456,12,25000,2
5539,12,25000,2
5566,12,25000,2
756,12,26000,2
1042,12,26000,2
1384,12,26000,2
1531,12,26000,2
1904,12,26000,2
1990,12,26000,2
2020,12,26000,2
2122,12,26000,2
2327,12,26000,2
2710,12,26000,2
2760,12,26000,2
3235,12,26000,2
3475,12,26000,2
3537,12,26000,2
3994,12,26000,2
4175,12,26000,2
4249,12,26000,2
4778,12,26000,2
4952,12,26000,2
5247,12,26000,2
5476,12,26000,2
5614,12,26000,2
11949,12,26000,2
5712,12,26280,2
2579,12,26350,2
4879,12,26500,2
1891,12,26800,2
3254,12,26800,2
1360,12,27000,2
1438,12,27000,2
2014,12,27000,2
2086,12,27000,2
2530,12,27000,2
3513,12,27000,2
4779,12,27000,2
5189,12,27000,2
5115,12,27400,2
4604,12,27412,2
2018,12,27640,2
1802,12,27915,2
505,12,28000,2
1527,12,28000,2
1865,12,28000,2
2079,12,28000,2
2152,12,28000,2
2690,12,28000,2
2745,12,28000,2
3118,12,28000,2
3192,12,28000,2
5307,12,28000,2
2227,12,28263,2
5195,12,28398,2
1462,12,28600,2
2404,12,28800,2
179,12,29000,2
669,12,29000,2
861,12,29000,2
1468,12,29000,2
1860,12,29000,2
2066,12,29000,2
2094,12,29000,2
2483,12,29000,2
3252,12,29000,2
3719,12,29000,2
3784,12,29000,2
4163,12,29000,2
4914,12,29000,2
5186,12,29000,2
5436,12,29000,2
5551,12,29000,2
3649,12,29400,2
5301,12,29479,2
3199,12,29500,2
1769,12,29515,2
1366,12,29800,2
5494,12,29800,2
484,12,30000,2
728,12,30000,2
802,12,30000,2
932,12,30000,2
950,12,30000,2
1141,12,30000,2
1539,12,30000,2
1964,12,30000,2
2045,12,30000,2
2055,12,30000,2
2316,12,30000,2
2452,12,30000,2
2689,12,30000,2
3023,12,30000,2
3035,12,30000,2
3046,12,30000,2
3055,12,30000,2
3079,12,30000,2
3285,12,30000,2
4067,12,30000,2
4159,12,30000,2
4314,12,30000,2
4374,12,30000,2
4601,12,30000,2
4992,12,30000,2
5192,12,30000,2
5607,12,30000,2
5613,12,30000,2
5640,12,30000,2
12090,12,30000,2
12128,12,30000,2
11813,12,30456,2
2711,12,30620,2
4822,12,30775,2
969,12,31000,2
1251,12,31000,2
1417,12,31000,2
4770,12,31000,2
5572,12,31000,2
11981,12,31000,2
410,12,31085,2
4469,12,31200,2
3197,12,31500,2
3090,12,31600,2
2652,12,31658,2
207,12,32000,2
446,12,32000,2
1899,12,32000,2
1996,12,32000,2
2012,12,32000,2
2032,12,32000,2
2201,12,32000,2
2261,12,32000,2
2439,12,32000,2
2574,12,32000,2
2780,12,32000,2
2829,12,32000,2
2944,12,32000,2
3310,12,32000,2
3620,12,32000,2
3650,12,32000,2
3850,12,32000,2
3900,12,32000,2
4205,12,32000,2
4303,12,32000,2
4966,12,32000,2
5194,12,32000,2
5546,12,32000,2
1556,12,32176,2
4130,12,32500,2
1656,12,33000,2
2229,12,33000,2
2852,12,33000,2
3754,12,33000,2
3760,12,33000,2
4487,12,33000,2
4884,12,33000,2
5646,12,33000,2
12000,12,33000,2
12084,12,33793,2
5258,12,33800,2
3538,12,33900,2
2732,12,33955,2
185,12,34000,2
1790,12,34000,2
2582,12,34000,2
2591,12,34000,2
3163,12,34000,2
3563,12,34000,2
3796,12,34000,2
4114,12,34000,2
4390,12,34000,2
5357,12,34000,2
5576,12,34000,2
2104,12,34500,2
200,12,35000,2
391,12,35000,2
639,12,35000,2
720,12,35000,2
732,12,35000,2
806,12,35000,2
958,12,35000,2
1179,12,35000,2
1872,12,35000,2
2418,12,35000,2
2425,12,35000,2
2435,12,35000,2
3465,12,35000,2
3616,12,35000,2
3837,12,35000,2
4032,12,35000,2
4541,12,35000,2
4722,12,35000,2
4817,12,35000,2
4876,12,35000,2
4945,12,35000,2
5327,12,35000,2
5366,12,35000,2
5401,12,35000,2
5616,12,35000,2
11917,12,35000,2
5211,12,35718,2
866,12,36000,2
891,12,36000,2
1085,12,36000,2
1959,12,36000,2
2138,12,36000,2
3413,12,36000,2
3565,12,36000,2
3580,12,36000,2
3732,12,36000,2
4013,12,36000,2
4746,12,36000,2
5145,12,36000,2
5435,12,36000,2
2706,12,36500,2
4103,12,36500,2
5356,12,36800,2
37,12,37000,2
755,12,37000,2
2090,12,37000,2
3081,12,37000,2
5161,12,37000,2
860,12,37500,2
2334,12,37500,2
5288,12,37500,2
199,12,38000,2
240,12,38000,2
972,12,38000,2
1222,12,38000,2
1357,12,38000,2
1425,12,38000,2
2539,12,38000,2
4327,12,38000,2
5176,12,38000,2
5184,12,38000,2
5440,12,38000,2
5528,12,38000,2
5669,12,38000,2
4888,12,38083,2
4586,12,38154,2
4589,12,38200,2
938,12,38500,2
1426,12,38685,2
233,12,39000,2
351,12,39000,2
990,12,39000,2
1272,12,39000,2
3487,12,39000,2
4498,12,39000,2
11942,12,39000,2
2076,12,39144,2
2629,12,39264,2
2553,12,39800,2
105,12,40000,2
636,12,40000,2
711,12,40000,2
717,12,40000,2
731,12,40000,2
875,12,40000,2
955,12,40000,2
1553,12,40000,2
1605,12,40000,2
1635,12,40000,2
1835,12,40000,2
1881,12,40000,2
2087,12,40000,2
2089,12,40000,2
2180,12,40000,2
2413,12,40000,2
2863,12,40000,2
2977,12,40000,2
3113,12,40000,2
3194,12,40000,2
3215,12,40000,2
3347,12,40000,2
3471,12,40000,2
3493,12,40000,2
3833,12,40000,2
3958,12,40000,2
4128,12,40000,2
4520,12,40000,2
4538,12,40000,2
4711,12,40000,2
4955,12,40000,2
5257,12,40000,2
5625,12,40000,2
11794,12,40000,2
11860,12,40000,2
11993,12,40000,2
12031,12,40000,2
2156,12,40500,2
1902,12,40574,2
745,12,41000,2
1418,12,41000,2
1521,12,41000,2
1975,12,41000,2
2535,12,41000,2
3502,12,41000,2
4776,12,41000,2
709,12,41167,2
1541,12,41400,2
385,12,41500,2
640,12,42000,2
929,12,42000,2
973,12,42000,2
1506,12,42000,2
1966,12,42000,2
2473,12,42000,2
2998,12,42000,2
3561,12,42000,2
3569,12,42000,2
3814,12,42000,2
4752,12,42000,2
5694,12,42000,2
5711,12,42000,2
12125,12,42000,2
11865,12,42500,2
386,12,43000,2
942,12,43000,2
1319,12,43000,2
2216,12,43000,2
5470,12,43000,2
966,12,44000,2
1111,12,44000,2
1750,12,44000,2
1925,12,44000,2
2326,12,44000,2
2584,12,44000,2
3353,12,44000,2
11883,12,44000,2
42,12,45000,2
1011,12,45000,2
1397,12,45000,2
1826,12,45000,2
1905,12,45000,2
3329,12,45000,2
3579,12,45000,2
3751,12,45000,2
3830,12,45000,2
4161,12,45000,2
4427,12,45000,2
4676,12,45000,2
4714,12,45000,2
5558,12,45000,2
11839,12,45000,2
11926,12,45000,2
470,12,46000,2
859,12,46000,2
997,12,46000,2
1988,12,46000,2
2081,12,46000,2
2322,12,46000,2
3418,12,46000,2
4004,12,46000,2
12041,12,46000,2
2470,12,46500,2
1786,12,46800,2
1957,12,47000,2
3151,12,47000,2
3492,12,47000,2
3574,12,47000,2
4496,12,47000,2
5580,12,47000,2
5291,12,47500,2
362,12,48000,2
719,12,48000,2
851,12,48000,2
964,12,48000,2
1096,12,48000,2
1640,12,48000,2
1917,12,48000,2
2093,12,48000,2
2401,12,48000,2
2832,12,48000,2
3195,12,48000,2
4216,12,48000,2
4239,12,48000,2
4242,12,48000,2
4926,12,48000,2
3736,12,49000,2
3246,12,49400,2
146,12,50000,2
165,12,50000,2
674,12,50000,2
697,12,50000,2
878,12,50000,2
888,12,50000,2
1114,12,50000,2
1500,12,50000,2
1977,12,50000,2
2304,12,50000,2
2314,12,50000,2
2614,12,50000,2
2797,12,50000,2
3100,12,50000,2
3138,12,50000,2
3933,12,50000,2
4240,12,50000,2
4519,12,50000,2
4524,12,50000,2
4900,12,50000,2
5158,12,50000,2
5251,12,50000,2
5402,12,50000,2
5451,12,50000,2
5499,12,50000,2
11759,12,50000,2
11849,12,50000,2
747,12,50300,2
3589,12,50987,2
12055,12,51000,2
133,12,52000,2
1386,12,52000,2
1534,12,52000,2
1597,12,52000,2
1867,12,52000,2
2100,12,52000,2
2106,12,52000,2
2173,12,52000,2
2547,12,52000,2
3036,12,52000,2
3721,12,52000,2
3770,12,52000,2
3789,12,52000,2
3846,12,52000,2
4036,12,52000,2
4062,12,52000,2
5491,12,52000,2
5626,12,52000,2
5637,12,52000,2
5653,12,52000,2
12018,12,52900,2
283,12,53000,2
799,12,53000,2
1327,12,53000,2
2976,12,53000,2
4755,12,54000,2
4942,12,54000,2
5585,12,54000,2
11846,12,54000,2
12097,12,54000,2
1910,12,55000,2
2140,12,55000,2
2223,12,55000,2
3177,12,55000,2
3553,12,55000,2
3722,12,55000,2
3780,12,55000,2
4764,12,55000,2
5278,12,55000,2
967,12,56000,2
1580,12,56000,2
1636,12,56000,2
2225,12,56000,2
2475,12,56000,2
2858,12,56000,2
3575,12,56000,2
3592,12,56000,2
3694,12,56000,2
4300,12,56000,2
5362,12,56000,2
5493,12,56000,2
11793,12,56000,2
1788,12,56856,2
11875,12,57000,2
11822,12,57500,2
2074,12,58000,2
2247,12,58000,2
3346,12,58000,2
3737,12,58000,2
4090,12,58000,2
4324,12,58000,2
4716,12,58000,2
4979,12,58000,2
5316,12,58000,2
11925,12,58000,2
12019,12,58000,2
434,12,59000,2
1554,12,59000,2
1577,12,59000,2
392,12,60000,2
540,12,60000,2
996,12,60000,2
1585,12,60000,2
2067,12,60000,2
2070,12,60000,2
2394,12,60000,2
2527,12,60000,2
2921,12,60000,2
3277,12,60000,2
3389,12,60000,2
3559,12,60000,2
3600,12,60000,2
3735,12,60000,2
4563,12,60000,2
5668,12,60000,2
11800,12,60000,2
11973,12,60000,2
12008,12,60000,2
647,12,61000,2
3455,12,61200,2
2594,12,62000,2
4014,12,62000,2
4623,12,62000,2
4759,12,62000,2
4251,12,62500,2
5007,12,63000,2
12022,12,63000,2
4858,12,64000,2
279,12,64500,2
963,12,65000,2
968,12,65000,2
1971,12,65000,2
2182,12,65000,2
3039,12,65000,2
4596,12,65000,2
11786,12,65000,2
2075,12,66000,2
4097,12,66000,2
4788,12,66000,2
47,12,66309,2
39,12,67000,2
1515,12,67000,2
1963,12,67000,2
3221,12,67000,2
3847,12,67000,2
4720,12,67000,2
408,12,68000,2
1918,12,68000,2
3374,12,68000,2
3957,12,68000,2
38,12,70000,2
310,12,70000,2
949,12,70000,2
2135,12,70000,2
2541,12,70000,2
3077,12,70000,2
4765,12,70000,2
5700,12,70000,2
2097,12,71000,2
914,12,71500,2
684,12,72000,2
797,12,72000,2
951,12,72000,2
3037,12,72000,2
3196,12,72000,2
4707,12,72000,2
5677,12,72000,2
5696,12,72000,2
772,12,74000,2
2997,12,74000,2
242,12,75000,2
2427,12,75000,2
2920,12,75000,2
11958,12,75000,2
2436,12,78000,2
11785,12,78000,2
323,12,80000,2
594,12,80000,2
1118,12,80000,2
1249,12,80000,2
1383,12,80000,2
1721,12,80000,2
3479,12,80000,2
3495,12,80000,2
4278,12,80000,2
11807,12,80000,2
426,12,82000,2
2816,12,82000,2
12093,12,82000,2
5219,12,83000,2
4268,12,84600,2
29,12,85000,2
152,12,85000,2
3838,12,85000,2
4569,12,85000,2
3503,12,88000,2
2974,12,89000,2
284,12,90000,2
502,12,90000,2
922,12,90000,2
1602,12,90000,2
2101,12,90000,2
4022,12,90000,2
4049,12,90000,2
4566,12,90000,2
11934,12,90000,2
11947,12,90000,2
243,12,94600,2
149,12,95000,2
613,12,95000,2
3324,12,96000,2
2994,12,97200,2
543,12,98000,2
2361,12,99000,2
1629,12,100000,2
1961,12,100000,2
5162,12,100000,2
381,12,105000,2
970,12,110000,2
1641,12,110000,2
5531,12,110000,2
1062,12,115000,2
5097,12,119000,2
1595,12,120000,2
3403,12,120000,2
5106,12,120000,2
863,12,125000,2
1007,12,125000,2
3381,12,125000,2
1169,12,130000,2
4630,12,130000,2
234,12,140000,2
3708,12,144000,2
4279,12,150000,2
1651,12,153334,2
2033,12,157117,2
348,12,164307,2
3829,12,167803,2
486,12,196424,2
5417,12,196680,2
4701,12,197062,2
1493,12,245549,2
4986,12,410008,2
1102,13-15,429,3
3380,13-15,900,3
2071,13-15,1000,3
3120,13-15,1200,3
3867,13-15,1200,3
11797,13-15,1200,3
11815,13-15,1300,3
3025,13-15,1500,3
5661,13-15,1600,3
4051,13-15,1748,3
3287,13-15,1800,3
248,13-15,2000,3
1920,13-15,2000,3
3356,13-15,2000,3
3567,13-15,2760,3
256,13-15,3000,3
1258,13-15,3000,3
1995,13-15,3000,3
3978,13-15,3000,3
4717,13-15,3000,3
4972,13-15,3000,3
5125,13-15,3000,3
5361,13-15,3000,3
12066,13-15,3000,3
12087,13-15,3000,3
4391,13-15,3500,3
5259,13-15,3500,3
2120,13-15,4000,3
2744,13-15,4000,3
4694,13-15,4000,3
3661,13-15,4500,3
533,13-15,5000,3
564,13-15,5000,3
4704,13-15,5000,3
2107,13-15,5100,3
5349,13-15,5250,3
1568,13-15,6000,3
3218,13-15,6000,3
4060,13-15,6000,3
4844,13-15,6000,3
5149,13-15,6000,3
5274,13-15,6000,3
5453,13-15,6000,3
3667,13-15,6360,3
3225,13-15,6700,3
5442,13-15,6800,3
3597,13-15,7000,3
3047,13-15,7200,3
4001,13-15,7800,3
3610,13-15,7900,3
1778,13-15,8000,3
5674,13-15,8000,3
11769,13-15,8000,3
2426,13-15,8200,3
4316,13-15,8500,3
4254,13-15,8900,3
2057,13-15,9000,3
2119,13-15,9000,3
1644,13-15,9400,3
335,13-15,10000,3
1739,13-15,10000,3
3350,13-15,10000,3
3354,13-15,10000,3
4231,13-15,10000,3
4602,13-15,10000,3
5094,13-15,10000,3
5277,13-15,10000,3
5340,13-15,10000,3
11886,13-15,10000,3
11932,13-15,10000,3
2942,13-15,10372,3
2474,13-15,10574,3
2214,13-15,11000,3
3531,13-15,11000,3
3758,13-15,11000,3
4536,13-15,11000,3
5101,13-15,11000,3
5308,13-15,11000,3
147,13-15,12000,3
1224,13-15,12000,3
1558,13-15,12000,3
3041,13-15,12000,3
3250,13-15,12000,3
3787,13-15,12000,3
11923,13-15,12000,3
2542,13-15,12800,3
1758,13-15,13000,3
2410,13-15,13000,3
3089,13-15,13000,3
4839,13-15,14000,3
5360,13-15,14000,3
5445,13-15,14000,3
1913,13-15,14103,3
2040,13-15,14969,3
442,13-15,15000,3
936,13-15,15000,3
956,13-15,15000,3
1223,13-15,15000,3
1512,13-15,15000,3
1792,13-15,15000,3
2265,13-15,15000,3
4465,13-15,15000,3
4665,13-15,15000,3
4729,13-15,15000,3
4987,13-15,15000,3
5199,13-15,15000,3
11832,13-15,15000,3
4323,13-15,15500,3
811,13-15,16000,3
1291,13-15,16000,3
1411,13-15,16000,3
2856,13-15,16000,3
5315,13-15,16000,3
2148,13-15,16557,3
3269,13-15,17000,3
4922,13-15,17000,3
11798,13-15,17000,3
4929,13-15,17900,3
2190,13-15,18000,3
5611,13-15,18000,3
5037,13-15,18230,3
2981,13-15,18300,3
3477,13-15,18520,3
4930,13-15,18839,3
4803,13-15,19000,3
801,13-15,19327,3
11816,13-15,19500,3
724,13-15,20000,3
1160,13-15,20000,3
2041,13-15,20000,3
3307,13-15,20000,3
3308,13-15,20000,3
4354,13-15,20000,3
4899,13-15,20000,3
5191,13-15,20000,3
5318,13-15,20000,3
12062,13-15,20000,3
11844,13-15,20108,3
1166,13-15,20609,3
414,13-15,21000,3
764,13-15,21000,3
1288,13-15,21000,3
4560,13-15,21000,3
12138,13-15,21000,3
460,13-15,21400,3
721,13-15,22000,3
1440,13-15,22000,3
2677,13-15,22000,3
3107,13-15,22000,3
4015,13-15,22000,3
4890,13-15,22000,3
4953,13-15,22000,3
5649,13-15,22000,3
688,13-15,23000,3
1529,13-15,23000,3
1986,13-15,23000,3
3725,13-15,23000,3
4337,13-15,23000,3
5397,13-15,23699,3
889,13-15,24000,3
1038,13-15,24000,3
1273,13-15,24000,3
1279,13-15,24000,3
3312,13-15,24000,3
5609,13-15,24000,3
5702,13-15,24000,3
4840,13-15,24226,3
11872,13-15,24500,3
3496,13-15,24600,3
3432,13-15,24626,3
245,13-15,25000,3
761,13-15,25000,3
835,13-15,25000,3
856,13-15,25000,3
1013,13-15,25000,3
1163,13-15,25000,3
1301,13-15,25000,3
1912,13-15,25000,3
2011,13-15,25000,3
2568,13-15,25000,3
2694,13-15,25000,3
3249,13-15,25000,3
3714,13-15,25000,3
4009,13-15,25000,3
4035,13-15,25000,3
4651,13-15,25000,3
4865,13-15,25000,3
5062,13-15,25000,3
5178,13-15,25000,3
5332,13-15,25000,3
11833,13-15,25000,3
3730,13-15,25275,3
405,13-15,26000,3
779,13-15,26000,3
1659,13-15,26000,3
2725,13-15,26000,3
3457,13-15,26000,3
2204,13-15,26074,3
1868,13-15,26500,3
5612,13-15,26500,3
2332,13-15,26524,3
2736,13-15,27000,3
3232,13-15,27000,3
4265,13-15,27000,3
4880,13-15,27000,3
1798,13-15,27100,3
4021,13-15,27300,3
4571,13-15,27359,3
4624,13-15,27581,3
11819,13-15,27700,3
418,13-15,28000,3
1530,13-15,28000,3
1994,13-15,28000,3
3458,13-15,28000,3
5511,13-15,28000,3
3718,13-15,28013,3
1555,13-15,28352,3
733,13-15,28820,3
12036,13-15,28900,3
1785,13-15,29000,3
1819,13-15,29000,3
5042,13-15,29000,3
5333,13-15,29000,3
11901,13-15,29000,3
5404,13-15,29500,3
495,13-15,29821,3
5043,13-15,29993,3
62,13-15,30000,3
236,13-15,30000,3
784,13-15,30000,3
839,13-15,30000,3
883,13-15,30000,3
1116,13-15,30000,3
1159,13-15,30000,3
2088,13-15,30000,3
2207,13-15,30000,3
2489,13-15,30000,3
2746,13-15,30000,3
3161,13-15,30000,3
3234,13-15,30000,3
3734,13-15,30000,3
3794,13-15,30000,3
3908,13-15,30000,3
4506,13-15,30000,3
4768,13-15,30000,3
5330,13-15,30000,3
2727,13-15,30500,3
899,13-15,31000,3
1158,13-15,31000,3
3545,13-15,31000,3
5246,13-15,31000,3
909,13-15,31330,3
1837,13-15,32000,3
2566,13-15,32000,3
2688,13-15,32000,3
3201,13-15,32000,3
3331,13-15,32000,3
3401,13-15,32000,3
4041,13-15,32000,3
4200,13-15,32000,3
4318,13-15,32000,3
11799,13-15,32000,3
12052,13-15,32000,3
4967,13-15,32500,3
5229,13-15,32530,3
11778,13-15,32900,3
2477,13-15,33000,3
2767,13-15,33000,3
3424,13-15,33000,3
4931,13-15,33000,3
5102,13-15,33000,3
5708,13-15,33000,3
4924,13-15,33500,3
49,13-15,34000,3
748,13-15,34000,3
1385,13-15,34000,3
1775,13-15,34000,3
2147,13-15,34000,3
2773,13-15,34000,3
4542,13-15,34000,3
12070,13-15,34000,3
5187,13-15,34500,3
606,13-15,35000,3
757,13-15,35000,3
774,13-15,35000,3
1508,13-15,35000,3
1598,13-15,35000,3
1751,13-15,35000,3
2815,13-15,35000,3
2952,13-15,35000,3
3547,13-15,35000,3
3606,13-15,35000,3
4534,13-15,35000,3
4579,13-15,35000,3
5221,13-15,35000,3
5263,13-15,35000,3
12005,13-15,35000,3
4981,13-15,35100,3
746,13-15,35500,3
2337,13-15,35650,3
1889,13-15,35675,3
8,13-15,36000,3
438,13-15,36000,3
499,13-15,36000,3
583,13-15,36000,3
1290,13-15,36000,3
2188,13-15,36000,3
2209,13-15,36000,3
2443,13-15,36000,3
3666,13-15,36000,3
3995,13-15,36000,3
4859,13-15,36000,3
4962,13-15,36000,3
5249,13-15,36000,3
12104,13-15,36323,3
622,13-15,36500,3
5350,13-15,36500,3
2602,13-15,37000,3
3281,13-15,37000,3
5255,13-15,37100,3
2447,13-15,37770,3
3552,13-15,38000,3
3960,13-15,38000,3
4292,13-15,38000,3
4379,13-15,38000,3
4675,13-15,38000,3
5427,13-15,38000,3
5568,13-15,38000,3
1081,13-15,38262,3
11869,13-15,38400,3
1491,13-15,39000,3
3609,13-15,39000,3
3949,13-15,39000,3
4862,13-15,39000,3
4933,13-15,39000,3
11971,13-15,39000,3
1566,13-15,39100,3
2133,13-15,39400,3
3992,13-15,39900,3
306,13-15,40000,3
604,13-15,40000,3
1076,13-15,40000,3
1459,13-15,40000,3
1484,13-15,40000,3
1780,13-15,40000,3
2382,13-15,40000,3
2613,13-15,40000,3
3548,13-15,40000,3
3996,13-15,40000,3
4310,13-15,40000,3
4669,13-15,40000,3
5025,13-15,40000,3
5227,13-15,40000,3
5408,13-15,40000,3
5500,13-15,40000,3
5518,13-15,40000,3
11845,13-15,40000,3
11945,13-15,40000,3
453,13-15,40300,3
712,13-15,41000,3
3091,13-15,41000,3
4252,13-15,41000,3
3231,13-15,41600,3
1233,13-15,42000,3
1338,13-15,42000,3
2913,13-15,42000,3
2975,13-15,42000,3
3237,13-15,42000,3
3706,13-15,42000,3
4219,13-15,42000,3
4825,13-15,42000,3
4943,13-15,42000,3
5026,13-15,42000,3
5134,13-15,42000,3
12061,13-15,42000,3
2417,13-15,42500,3
5703,13-15,42500,3
17,13-15,43000,3
3587,13-15,43000,3
5055,13-15,43000,3
3405,13-15,43500,3
1039,13-15,44000,3
2344,13-15,44000,3
3521,13-15,44000,3
3813,13-15,44000,3
232,13-15,45000,3
274,13-15,45000,3
692,13-15,45000,3
1399,13-15,45000,3
1487,13-15,45000,3
1492,13-15,45000,3
1571,13-15,45000,3
1720,13-15,45000,3
1784,13-15,45000,3
1958,13-15,45000,3
2877,13-15,45000,3
3359,13-15,45000,3
3392,13-15,45000,3
3705,13-15,45000,3
3883,13-15,45000,3
3901,13-15,45000,3
4054,13-15,45000,3
4129,13-15,45000,3
5428,13-15,45000,3
5699,13-15,45000,3
12140,13-15,45000,3
4447,13-15,45291,3
962,13-15,45500,3
1848,13-15,46000,3
2696,13-15,46000,3
11911,13-15,46000,3
443,13-15,47000,3
1058,13-15,47000,3
3481,13-15,47000,3
3791,13-15,47000,3
4883,13-15,47000,3
174,13-15,48000,3
707,13-15,48000,3
1978,13-15,48000,3
2523,13-15,48000,3
4430,13-15,48000,3
4513,13-15,48000,3
97,13-15,49000,3
2278,13-15,49000,3
2559,13-15,49000,3
4148,13-15,49000,3
527,13-15,50000,3
1256,13-15,50000,3
1261,13-15,50000,3
1287,13-15,50000,3
1836,13-15,50000,3
2145,13-15,50000,3
2284,13-15,50000,3
2841,13-15,50000,3
3355,13-15,50000,3
3375,13-15,50000,3
3985,13-15,50000,3
4131,13-15,50000,3
4330,13-15,50000,3
4358,13-15,50000,3
4409,13-15,50000,3
4582,13-15,50000,3
4810,13-15,50000,3
5267,13-15,50000,3
1514,13-15,51000,3
3807,13-15,51000,3
5329,13-15,51000,3
143,13-15,52000,3
275,13-15,52000,3
1155,13-15,52000,3
2205,13-15,52000,3
3282,13-15,52000,3
3524,13-15,52000,3
3989,13-15,52000,3
5390,13-15,52000,3
5392,13-15,52000,3
11838,13-15,52000,3
500,13-15,53000,3
4478,13-15,53000,3
12098,13-15,53000,3
800,13-15,54000,3
1586,13-15,54000,3
3907,13-15,54000,3
4499,13-15,54300,3
202,13-15,55000,3
230,13-15,55000,3
565,13-15,55000,3
2047,13-15,55000,3
2415,13-15,55000,3
3793,13-15,55000,3
5358,13-15,55000,3
5512,13-15,55000,3
704,13-15,56000,3
1004,13-15,56000,3
1321,13-15,56000,3
2585,13-15,56000,3
4643,13-15,56000,3
5377,13-15,56000,3
915,13-15,57000,3
2169,13-15,57000,3
4832,13-15,57000,3
11841,13-15,57000,3
667,13-15,58000,3
2803,13-15,58000,3
3888,13-15,58000,3
4236,13-15,58000,3
4815,13-15,58000,3
1097,13-15,59000,3
2620,13-15,59500,3
1744,13-15,60000,3
1955,13-15,60000,3
2163,13-15,60000,3
2376,13-15,60000,3
2774,13-15,60000,3
2996,13-15,60000,3
4856,13-15,60000,3
5053,13-15,60000,3
6285,13-15,60000,3
273,13-15,61500,3
1238,13-15,62000,3
2099,13-15,62000,3
2385,13-15,62000,3
4201,13-15,62000,3
4997,13-15,62000,3
4528,13-15,62987,3
61,13-15,63000,3
2172,13-15,63000,3
5300,13-15,63000,3
11806,13-15,63000,3
947,13-15,64000,3
1831,13-15,64000,3
11897,13-15,64000,3
9,13-15,65000,3
160,13-15,65000,3
260,13-15,65000,3
921,13-15,65000,3
2024,13-15,65000,3
2939,13-15,65000,3
3482,13-15,65000,3
3546,13-15,65000,3
3844,13-15,65000,3
4889,13-15,65000,3
5174,13-15,65000,3
5365,13-15,65000,3
12012,13-15,65000,3
4968,13-15,66948,3
3505,13-15,67000,3
393,13-15,68000,3
1847,13-15,68000,3
1992,13-15,68000,3
2341,13-15,68000,3
2386,13-15,68000,3
4042,13-15,68000,3
5256,13-15,68000,3
11924,13-15,68458,3
4687,13-15,68651,3
388,13-15,70000,3
4366,13-15,70000,3
4518,13-15,70000,3
5235,13-15,70000,3
16,13-15,71000,3
2839,13-15,71000,3
2765,13-15,72000,3
3219,13-15,72000,3
3420,13-15,72000,3
3468,13-15,72000,3
4509,13-15,72899,3
3140,13-15,73000,3
4813,13-15,74000,3
11777,13-15,74500,3
659,13-15,75000,3
937,13-15,75000,3
1642,13-15,75000,3
4153,13-15,75000,3
4228,13-15,75000,3
4738,13-15,75000,3
4245,13-15,75210,3
4295,13-15,76000,3
3058,13-15,77000,3
3425,13-15,77000,3
3497,13-15,77000,3
4625,13-15,77000,3
11863,13-15,77919,3
464,13-15,78000,3
1320,13-15,78000,3
3766,13-15,78000,3
560,13-15,78500,3
1393,13-15,79000,3
4008,13-15,79000,3
4468,13-15,79000,3
941,13-15,80000,3
2375,13-15,80000,3
3912,13-15,80000,3
4881,13-15,80000,3
5022,13-15,80000,3
11851,13-15,80000,3
1929,13-15,81000,3
166,13-15,82000,3
117,13-15,83000,3
1895,13-15,83000,3
126,13-15,85000,3
489,13-15,85000,3
818,13-15,85000,3
850,13-15,85000,3
2333,13-15,85000,3
3024,13-15,85000,3
3679,13-15,85000,3
1944,13-15,86000,3
3117,13-15,87000,3
3494,13-15,87000,3
4297,13-15,88000,3
4230,13-15,89000,3
5151,13-15,89000,3
1104,13-15,90000,3
2187,13-15,90000,3
4247,13-15,90000,3
4633,13-15,90000,3
4642,13-15,90000,3
4805,13-15,90000,3
4348,13-15,93000,3
2842,13-15,94000,3
4976,13-15,94000,3
2616,13-15,95000,3
4438,13-15,95000,3
4595,13-15,95000,3
5248,13-15,96000,3
235,13-15,98000,3
5266,13-15,98000,3
4636,13-15,99000,3
730,13-15,100000,3
1781,13-15,100000,3
4702,13-15,100000,3
5156,13-15,100000,3
2132,13-15,104000,3
3421,13-15,105000,3
3965,13-15,108000,3
4488,13-15,108000,3
3284,13-15,113000,3
5017,13-15,115000,3
18,13-15,120000,3
41,13-15,120000,3
139,13-15,120000,3
355,13-15,120000,3
2866,13-15,120000,3
5254,13-15,120000,3
341,13-15,125000,3
2437,13-15,125000,3
4511,13-15,125000,3
4514,13-15,125000,3
5540,13-15,125000,3
1188,13-15,130000,3
3533,13-15,135000,3
4699,13-15,137000,3
2007,13-15,143000,3
3330,13-15,145000,3
11763,13-15,146000,3
960,13-15,150000,3
1181,13-15,150000,3
5441,13-15,150000,3
34,13-15,150432,3
1810,13-15,155867,3
959,13-15,170247,3
1575,13-15,171551,3
2464,13-15,185950,3
1294,13-15,209138,3
2647,13-15,220904,3
4088,13-15,222924,3
1315,13-15,257286,3
3429,16,200,4
3266,16,250,4
3352,16,1200,4
444,16,1500,4
3338,16,2000,4
5287,16,3200,4
1564,16,3400,4
1954,16,4000,4
3433,16,4000,4
3145,16,5000,4
184,16,6000,4
13,16,8000,4
138,16,8000,4
881,16,8000,4
3378,16,8220,4
1200,16,9000,4
1552,16,9200,4
553,16,10000,4
671,16,10000,4
2730,16,10000,4
2771,16,10000,4
3154,16,10000,4
3669,16,10000,4
2928,16,10088,4
812,16,10500,4
5140,16,10800,4
11870,16,11000,4
119,16,12000,4
369,16,12000,4
1502,16,12000,4
1766,16,12000,4
5372,16,12000,4
2948,16,12500,4
282,16,14000,4
11835,16,14000,4
78,16,14657,4
896,16,15000,4
3889,16,15000,4
4030,16,15000,4
4606,16,15000,4
5416,16,15000,4
11881,16,15000,4
2570,16,15300,4
1374,16,15700,4
201,16,16000,4
1367,16,16000,4
12006,16,17000,4
3303,16,18000,4
3506,16,18000,4
4382,16,18000,4
5388,16,18000,4
1740,16,19000,4
2848,16,19285,4
370,16,20000,4
467,16,20000,4
916,16,20000,4
2949,16,20000,4
4164,16,20000,4
4225,16,20000,4
1763,16,22000,4
1950,16,22000,4
3922,16,22000,4
4355,16,22000,4
4108,16,23900,4
11796,16,24000,4
11848,16,24500,4
496,16,25000,4
3085,16,25000,4
3861,16,25000,4
4820,16,25000,4
5513,16,25000,4
192,16,26000,4
1510,16,26000,4
2083,16,26000,4
2286,16,26000,4
3625,16,26000,4
4350,16,26000,4
608,16,27000,4
999,16,27000,4
3423,16,27000,4
1587,16,27300,4
327,16,28000,4
11867,16,28000,4
816,16,29000,4
665,16,30000,4
792,16,30000,4
793,16,30000,4
1429,16,30000,4
2243,16,30000,4
2899,16,30000,4
3709,16,30000,4
3872,16,30000,4
4352,16,30000,4
4413,16,30000,4
4742,16,30000,4
12092,16,30000,4
11894,16,30330,4
2328,16,31000,4
317,16,31500,4
609,16,32000,4
1286,16,32000,4
2930,16,32000,4
3360,16,32000,4
5406,16,32000,4
3745,16,32089,4
4147,16,32624,4
2049,16,33000,4
4753,16,33000,4
5108,16,33000,4
2552,16,33500,4
912,16,34000,4
4257,16,34000,4
4871,16,34000,4
4172,16,34900,4
1093,16,35000,4
1106,16,35000,4
1885,16,35000,4
2068,16,35000,4
2202,16,35000,4
2607,16,35000,4
3623,16,35000,4
4057,16,35000,4
5326,16,35000,4
5373,16,35000,4
1293,16,36000,4
1976,16,36000,4
5565,16,36000,4
2550,16,36660,4
885,16,37000,4
908,16,37000,4
1122,16,37000,4
4392,16,37000,4
5430,16,37000,4
12088,16,37000,4
945,16,37300,4
5374,16,38400,4
1368,16,39000,4
11809,16,39000,4
2551,16,39500,4
12129,16,39500,4
445,16,40000,4
898,16,40000,4
1967,16,40000,4
2230,16,40000,4
2329,16,40000,4
3159,16,40000,4
3601,16,40000,4
3910,16,40000,4
4285,16,40000,4
4296,16,40000,4
5099,16,40000,4
5289,16,40264,4
4939,16,41000,4
882,16,42000,4
1432,16,42000,4
4299,16,42000,4
5590,16,42000,4
11955,16,42000,4
107,16,43000,4
506,16,43000,4
5618,16,43000,4
2178,16,44000,4
2565,16,44000,4
1930,16,45000,4
2714,16,45000,4
2991,16,45000,4
3387,16,45000,4
4632,16,45000,4
4843,16,45000,4
22,16,45300,4
1276,16,46000,4
2222,16,46000,4
5188,16,46000,4
5381,16,46000,4
612,16,46136,4
1574,16,47000,4
2299,16,47000,4
5485,16,47000,4
2167,16,48000,4
2637,16,48000,4
4280,16,49000,4
12068,16,49000,4
210,16,50000,4
2061,16,50000,4
2444,16,50000,4
3243,16,50000,4
3952,16,50000,4
4045,16,50000,4
4056,16,50000,4
11820,16,50000,4
2606,16,51000,4
1522,16,51300,4
2034,16,52000,4
2804,16,52000,4
4662,16,52000,4
5341,16,52000,4
457,16,53000,4
3143,16,53000,4
3775,16,53000,4
751,16,55000,4
4873,16,55000,4
5250,16,55000,4
5193,16,56000,4
2144,16,57000,4
2770,16,57000,4
3463,16,57000,4
4540,16,57000,4
5410,16,57000,4
2168,16,57600,4
367,16,58000,4
650,16,58000,4
796,16,58000,4
1138,16,58000,4
11898,16,58500,4
5393,16,59850,4
359,16,60000,4
1139,16,60000,4
1622,16,60000,4
2590,16,60000,4
3157,16,60000,4
3466,16,60000,4
3677,16,60000,4
4652,16,60000,4
5244,16,60000,4
5418,16,60000,4
11905,16,60000,4
2291,16,60200,4
1078,16,61000,4
89,16,62000,4
1394,16,62000,4
2723,16,62000,4
2946,16,62000,4
3530,16,62000,4
4106,16,62000,4
5474,16,62000,4
1157,16,63000,4
1569,16,63000,4
4410,16,63000,4
6,16,65000,4
1924,16,65000,4
2372,16,65000,4
3410,16,65000,4
3551,16,65000,4
3651,16,65000,4
4023,16,65000,4
5264,16,65000,4
5591,16,65000,4
4828,16,66768,4
847,16,67500,4
5675,16,67500,4
321,16,69000,4
3608,16,69000,4
3686,16,69000,4
2838,16,69500,4
807,16,70000,4
1003,16,70000,4
1082,16,70000,4
1477,16,70000,4
2159,16,70000,4
2218,16,70000,4
4795,16,70000,4
2572,16,70500,4
1481,16,71000,4
2301,16,71500,4
2494,16,72000,4
4508,16,72000,4
4892,16,72000,4
520,16,73000,4
1626,16,73000,4
4532,16,73000,4
2868,16,74000,4
3676,16,74000,4
3884,16,74000,4
400,16,75000,4
2813,16,75000,4
4944,16,75000,4
5166,16,75000,4
5334,16,75000,4
439,16,77000,4
1176,16,77000,4
2005,16,78000,4
129,16,80000,4
357,16,80000,4
1325,16,80000,4
3141,16,80000,4
4466,16,80000,4
4812,16,80000,4
4834,16,80000,4
5666,16,80000,4
4894,16,81000,4
2220,16,82000,4
5599,16,82000,4
461,16,85000,4
663,16,85000,4
777,16,85000,4
820,16,85000,4
1631,16,85000,4
3016,16,85000,4
5226,16,85000,4
12014,16,85000,4
479,16,86000,4
11854,16,87000,4
2701,16,88000,4
3263,16,89000,4
3617,16,89000,4
1268,16,90000,4
3205,16,90000,4
4171,16,90000,4
4896,16,90000,4
12116,16,90000,4
12110,16,91000,4
2702,16,91500,4
4695,16,91500,4
2096,16,92000,4
2633,16,92000,4
3875,16,92000,4
2950,16,93000,4
1184,16,95000,4
3805,16,95000,4
4448,16,95000,4
5342,16,95000,4
5504,16,95000,4
2557,16,96000,4
3464,16,96000,4
2544,16,98000,4
4565,16,98000,4
2323,16,100000,4
2985,16,100000,4
2988,16,100000,4
3809,16,100000,4
3812,16,100000,4
4548,16,100000,4
12102,16,100000,4
2324,16,102000,4
3892,16,102000,4
11868,16,102831,4
2545,16,103000,4
106,16,105000,4
193,16,105000,4
1670,16,105000,4
63,16,108000,4
4698,16,108000,4
358,16,110000,4
3898,16,110000,4
5352,16,110000,4
5439,16,110000,4
4531,16,113000,4
810,16,115000,4
1733,16,115000,4
2124,16,115000,4
4793,16,115000,4
817,16,117000,4
346,16,120000,4
920,16,120000,4
4353,16,120000,4
5029,16,120000,4
11791,16,123000,4
1808,16,125000,4
2703,16,125000,4
3967,16,125000,4
5420,16,125000,4
11936,16,125000,4
4829,16,126000,4
3581,16,129000,4
1311,16,130000,4
2056,16,135000,4
3208,16,135000,4
5398,16,135000,4
3150,16,138000,4
961,16,140000,4
1186,16,140000,4
2962,16,140000,4
3289,16,140000,4
4517,16,146000,4
120,16,150000,4
12016,16,150000,4
3153,16,151083,4
269,16,154541,4
1347,16,157280,4
3585,16,159168,4
4927,16,159193,4
12034,16,161182,4
645,16,163172,4
2894,16,166924,4
137,16,175829,4
872,16,176354,4
1143,16,180124,4
409,16,180733,4
3084,16,183223,4
4407,16,185662,4
2895,16,194031,4
4480,16,202617,4
4668,16,209400,4
4426,16,211052,4
1144,16,248713,4
21,16,253043,4
218,16,261763,4
3815,16,263445,4
3062,16,282588,4
11920,16,338101,4
4830,16,344856,4
2984,16,359118,4
1601,16,368302,4
1053,16,394058,4
3980,16,444624,4
3874,16,519340,4
1046,>16,63,5
3278,>16,147,5
2980,>16,170,5
2900,>16,500,5
5325,>16,600,5
554,>16,1100,5
557,>16,1200,5
11779,>16,1500,5
3422,>16,2000,5
2037,>16,2700,5
1735,>16,3000,5
3903,>16,5200,5
2030,>16,5500,5
2042,>16,6000,5
4870,>16,6000,5
907,>16,7000,5
2628,>16,8000,5
3800,>16,8000,5
2027,>16,9000,5
459,>16,10000,5
4683,>16,10000,5
3614,>16,10180,5
1804,>16,12000,5
2010,>16,12000,5
2809,>16,15000,5
5676,>16,15000,5
804,>16,16000,5
1252,>16,16000,5
4576,>16,16000,5
3855,>16,16500,5
2360,>16,18500,5
1603,>16,20000,5
3895,>16,20000,5
5095,>16,20000,5
5212,>16,20000,5
4425,>16,22000,5
5168,>16,23000,5
1953,>16,24000,5
2569,>16,24000,5
3244,>16,24000,5
501,>16,25000,5
1509,>16,25000,5
1906,>16,25000,5
3393,>16,25000,5
1896,>16,28000,5
3238,>16,28000,5
3972,>16,28500,5
1019,>16,29000,5
3911,>16,29000,5
4692,>16,29000,5
778,>16,30000,5
1880,>16,30000,5
3239,>16,30000,5
5001,>16,30000,5
5096,>16,30000,5
3391,>16,30824,5
4306,>16,32000,5
3771,>16,32253,5
3619,>16,32500,5
813,>16,33000,5
2622,>16,33000,5
2902,>16,33000,5
5592,>16,33000,5
2123,>16,33600,5
360,>16,34000,5
821,>16,34000,5
4760,>16,34000,5
5054,>16,34000,5
2136,>16,34500,5
1470,>16,35000,5
2800,>16,35000,5
2910,>16,35000,5
2957,>16,35000,5
3866,>16,35000,5
5395,>16,35000,5
158,>16,35100,5
1621,>16,35942,5
558,>16,36000,5
1803,>16,36000,5
5624,>16,36000,5
2649,>16,37000,5
4842,>16,37000,5
2549,>16,38000,5
2626,>16,38000,5
3643,>16,38000,5
11916,>16,38000,5
3406,>16,38500,5
1187,>16,39000,5
3341,>16,39000,5
5020,>16,39000,5
5023,>16,39000,5
3964,>16,39500,5
1359,>16,40000,5
2684,>16,40000,5
2936,>16,40000,5
3804,>16,40000,5
4767,>16,40000,5
5391,>16,40000,5
11889,>16,40000,5
12089,>16,40000,5
2636,>16,40500,5
4799,>16,40500,5
121,>16,41000,5
2603,>16,41000,5
46,>16,42000,5
561,>16,42000,5
1323,>16,42000,5
1951,>16,42000,5
2126,>16,42000,5
4092,>16,42000,5
4428,>16,42000,5
5394,>16,42000,5
664,>16,43000,5
3111,>16,43000,5
11937,>16,43000,5
3868,>16,43450,5
5021,>16,44000,5
5621,>16,44000,5
141,>16,44768,5
1538,>16,45000,5
5299,>16,45000,5
12044,>16,45000,5
12119,>16,45000,5
1999,>16,46000,5
2929,>16,46000,5
3240,>16,46000,5
376,>16,47000,5
4227,>16,47000,5
1182,>16,48000,5
1914,>16,48000,5
2847,>16,48000,5
4592,>16,48000,5
11902,>16,48000,5
12045,>16,49000,5
4429,>16,49938,5
456,>16,50000,5
1101,>16,50000,5
1433,>16,50000,5
2823,>16,50000,5
3873,>16,50000,5
4010,>16,50000,5
4053,>16,50000,5
976,>16,51000,5
1049,>16,51000,5
3641,>16,51000,5
3904,>16,51000,5
683,>16,52000,5
884,>16,52000,5
1240,>16,52000,5
1730,>16,52000,5
1787,>16,52000,5
4107,>16,52000,5
4919,>16,52000,5
879,>16,52900,5
4302,>16,53000,5
5351,>16,53000,5
5389,>16,53000,5
5710,>16,53000,5
12010,>16,53000,5
3198,>16,53600,5
944,>16,54000,5
3309,>16,54000,5
4831,>16,54500,5
422,>16,55000,5
562,>16,55000,5
974,>16,55000,5
2285,>16,55000,5
3860,>16,55000,5
4607,>16,55000,5
5170,>16,55000,5
58,>16,55500,5
4872,>16,56000,5
5091,>16,56400,5
686,>16,57000,5
4826,>16,57000,5
5185,>16,57000,5
1503,>16,58000,5
2685,>16,58000,5
3109,>16,58000,5
4590,>16,58000,5
5310,>16,59800,5
480,>16,60000,5
1501,>16,60000,5
1719,>16,60000,5
3588,>16,60000,5
4758,>16,60000,5
4975,>16,60000,5
1105,>16,61000,5
2461,>16,61000,5
2558,>16,61000,5
4124,>16,61000,5
3146,>16,62000,5
3894,>16,62000,5
5143,>16,62000,5
399,>16,62500,5
1395,>16,63000,5
20,>16,64000,5
2237,>16,64000,5
902,>16,64320,5
140,>16,65000,5
186,>16,65000,5
458,>16,65000,5
1072,>16,65000,5
1619,>16,65000,5
2200,>16,65000,5
4093,>16,65000,5
12023,>16,65000,5
829,>16,66000,5
1051,>16,67000,5
4754,>16,67000,5
1086,>16,67500,5
1858,>16,68000,5
2642,>16,68000,5
2961,>16,68000,5
3664,>16,68000,5
2164,>16,69000,5
3803,>16,69000,5
4998,>16,69600,5
1362,>16,70000,5
2588,>16,70000,5
2630,>16,70000,5
2845,>16,70000,5
4635,>16,70000,5
5690,>16,70000,5
11758,>16,70000,5
11990,>16,70000,5
1344,>16,72000,5
4570,>16,72000,5
825,>16,73000,5
3376,>16,73000,5
725,>16,74000,5
1916,>16,74481,5
3257,>16,75000,5
4470,>16,75000,5
4290,>16,75419,5
162,>16,76000,5
4954,>16,78000,5
247,>16,79000,5
2442,>16,79000,5
5594,>16,79000,5
521,>16,80000,5
2526,>16,80000,5
2695,>16,80000,5
2871,>16,80000,5
3256,>16,80000,5
3390,>16,80000,5
5222,>16,80000,5
5419,>16,81000,5
11929,>16,82000,5
3535,>16,82376,5
1020,>16,84000,5
4686,>16,84000,5
1841,>16,85000,5
1952,>16,85000,5
2906,>16,85000,5
3019,>16,85000,5
3394,>16,85000,5
11918,>16,85000,5
4191,>16,85300,5
4226,>16,85605,5
1255,>16,87000,5
2840,>16,88000,5
3792,>16,88000,5
3337,>16,89000,5
874,>16,90000,5
906,>16,90000,5
2438,>16,90000,5
2646,>16,90000,5
3897,>16,90000,5
4798,>16,90000,5
5655,>16,90000,5
4298,>16,91000,5
5489,>16,91000,5
190,>16,92000,5
4408,>16,92000,5
4921,>16,92500,5
4424,>16,93000,5
3757,>16,95000,5
342,>16,96000,5
653,>16,96000,5
3558,>16,96000,5
5623,>16,96000,5
3515,>16,97000,5
3916,>16,97000,5
281,>16,99000,5
3379,>16,99000,5
4019,>16,99000,5
350,>16,100000,5
1479,>16,100000,5
1633,>16,100000,5
2113,>16,100000,5
3583,>16,100000,5
1632,>16,100035,5
3886,>16,101000,5
219,>16,102000,5
4372,>16,102500,5
220,>16,105000,5
3112,>16,105000,5
3142,>16,106000,5
1098,>16,108000,5
1795,>16,108888,5
649,>16,110000,5
2062,>16,110000,5
2959,>16,110000,5
3836,>16,110000,5
11972,>16,110500,5
2302,>16,112000,5
5701,>16,114000,5
776,>16,115000,5
3168,>16,115000,5
1746,>16,116000,5
191,>16,118000,5
69,>16,120000,5
752,>16,120000,5
1208,>16,120000,5
3137,>16,120000,5
12106,>16,120000,5
482,>16,122000,5
5197,>16,123000,5
2861,>16,124000,5
2589,>16,125000,5
3173,>16,125000,5
2870,>16,126000,5
198,>16,130000,5
1875,>16,130000,5
3224,>16,130000,5
4626,>16,130000,5
5543,>16,133000,5
2029,>16,135000,5
3690,>16,138000,5
4471,>16,140000,5
556,>16,147000,5
3033,>16,150000,5
3290,>16,150000,5
3582,>16,150000,5
3890,>16,150000,5
3357,>16,150490,5
5107,>16,152683,5
3171,>16,152840,5
5028,>16,153447,5
3966,>16,155485,5
3863,>16,157957,5
12064,>16,158730,5
4289,>16,162660,5
2896,>16,162733,5
2038,>16,162919,5
4756,>16,163271,5
2724,>16,167252,5
827,>16,169541,5
3854,>16,169884,5
3431,>16,171428,5
3865,>16,176431,5
2941,>16,180621,5
890,>16,183306,5
1052,>16,183467,5
73,>16,186135,5
4907,>16,188255,5
1844,>16,188404,5
3628,>16,189210,5
1846,>16,192896,5
4609,>16,194757,5
5667,>16,198032,5
5245,>16,200977,5
4055,>16,206869,5
5012,>16,215765,5
5003,>16,228453,5
2339,>16,235236,5
3170,>16,268323,5
1185,>16,268384,5
195,>16,348204,5
4634,>16,355767,5
2851,>16,357310,5
481,>16,388725,5
3361,>16,703637,5
